﻿{"cameraMode":{"drawMode":0,"name":"Shaded","section":"Shading Mode"},"sceneLighting":true,"audioPlay":false,"sceneViewState":{"showFog":true,"showMaterialUpdate":true,"showSkybox":true,"showFlares":true,"showImageEffects":true,"showParticleSystems":true},"in2DMode":false,"pivot":{"x":1.5558302402496338,"y":1.1760985851287842,"z":-0.6235311627388},"rotation":{"x":0.07776200026273728,"y":0.6801581382751465,"z":-0.07292544841766358,"w":0.7252722978591919},"size":2.714205503463745,"orthographic":false}