﻿{"cameraMode":{"drawMode":0,"name":"Shaded","section":"Shading Mode"},"sceneLighting":true,"audioPlay":false,"sceneViewState":{"showFog":true,"showMaterialUpdate":true,"showSkybox":true,"showFlares":true,"showImageEffects":true,"showParticleSystems":true},"in2DMode":false,"pivot":{"x":6.799517631530762,"y":-4.4269585609436039,"z":14.957883834838868},"rotation":{"x":0.17729774117469788,"y":0.3989413380622864,"z":-0.07892362773418427,"w":0.89620441198349},"size":18.415786743164064,"orthographic":false}